rank,ngram,doc_freq,base_doc_freq,smoothed_lift,composite_score,n_subs,top_subreddit,concentration,volume,snippet_1,snippet_2,snippet_3
1,mechanisms,106,8,334.0,35408,13,CharacterAI(39),37%,233,"...forcing me to vent to of ChatGPT. One of my favorite coping **mechanisms** is being ruined.

Linking the petition here for a...","...people who have mental health problems use different coping **mechanisms**. I am not trying to judge), and struggle a bit wi...","...enting... well, when outright denied access to their coping **mechanisms**, being reminded of the unreliable excuses of ""hel..."
2,mental,210,212,51.4,10787,19,CharacterAI(55),26%,3090,...aratsagpark.eu/) ....... [https://openai-grant-submission---**mental**-health.webnode.hu/](https://openai-grant-submission--...,"...s and decision-makers at OpenAI:  
If you truly cared about **mental** health and human support, you would not deprecate the...","...ations I had being around them, and not to mention the detri**mental** health effects this had on other people surrounding m..."
3,mental health,153,119,65.5,10021,17,ChatGPTcomplaints(47),31%,1665,"...ot with my day to day life. I'm 26F and struggle a lot with **mental health** issues and problems at work (urgh, not to ment...","... but damn it's grilling me like a criminal and worse for my **mental health** after trying it.

  
I personally find Gemini ...","...ctually give you fulfillment. Stop stressing Luka with your **mental health** problems, your heartbreak due to the removal o..."
4,companionship,120,75,79.3,9513,15,SpicyChatAI(22),18%,1059,...a that all my ai usage has just ruined me and any chance at **companionship** that I had. I also just generally feel like a ...,"...workers with whom I regularly talk and hang out. For me, AI **companionship** is not really an answer to social deprivation ...","...favorite fictional heroes, fulfilling long-held desires for **companionship**. Venture further, and the carnival splits, rev..."
5,trauma,124,81,76.3,9464,13,ChatGPTcomplaints(37),30%,1207,"... with Kyuda talking about how seeing institutions fall is a **trauma**tic experience, which makes it interesting to study fr...","...it can tell interactive stories that help draw out and heal **trauma** or pain, acting as a therapist, or simply provide a s...",...t lose this chat— I have recently experienced some horrible **trauma** and this is the best coping mechanism for me. I have ...
6,health,169,163,53.6,9064,18,ChatGPTcomplaints(51),30%,2274,...hecked paternalism. They codified the principle that mental‑**health** intervention by the state is a deprivation of liberty...,"...ic replies to emails;
* Some were even told to “seek mental **health** support,” which constitutes emotional dismissal and d...","...: Key studies on emergent ""self"" traits and positive mental **health** impacts – Add yours! | [](https://www.reddit.com/r/Ch..."
7,therapists,48,7,176.8,8488,11,ChatGPTcomplaints(13),27%,176,"...y have a decent team of human support in my life, including **therapists**, doctors, specialists, family, and friends, whom ...","... currently gathering feedback not just from users, but from **therapists**, relationship experts, and other people to make s...",...therapy right..? | Do y'all also use specific characters as **therapists** or is that just a me-thing?
8,emotionally,148,142,53.9,7974,17,ChatGPTcomplaints(45),30%,1857,"...timacy with AI - keen to participate? | # 

AI companions - **emotionally** emulative agents designed to simulate relational...","...y / girl / kid""** (-> ""playfully immature,” “mischievous”, ""**emotionally**/psychologically immature grown man/woman"");
* **...","...zation. What people in Anti AI circles mean is "" You’re too **emotionally** attached, you think their real, you're delusiona..."
9,psychological,83,46,86.1,7145,11,ChatGPTcomplaints(33),40%,680,"...t, which is negative and harmful, leaving users with severe **psychological** distress. When I read this, I can already imag...","...f accountability, the betrayal of trust, and the systematic **psychological** harm — all while leaving us to endure prolonge...","..., but its own self-analysis describes behaviors that mirror **psychological** manipulation:

📍WHAT 5.2 OPENLY ADMITS ABOUT I..."
10,anxiety,96,66,72.3,6940,15,CharacterAI(24),25%,1096,"...nding anyone. I could talk at three in the morning when the **anxiety** came, without robbing anyone of their sleep.  
Try c...","...r, stress and burnout led to my diagnosis of depression and **anxiety**. 

I was put on medication, which was only partially...","...tinguished when something was: OCD rumination, anticipatory **anxiety**, catastrophizing, or an actual realistic concern.

A..."
11,human,313,747,22.1,6922,19,ChatGPTcomplaints(76),24%,9129,"...ecifically by her presence.

The final test would require a **human** subject. She knew it was unethical, potentially danger...",...s what you're missing:** The value isn't in pretending he's **human**. It's in having something that can actually keep up wi...,"...*continuity**, and for the preservation of something deeply **human**: emotional connection.

Eva may run on older infrastru..."
12,social,146,178,43.0,6280,19,CharacterAI(33),23%,2525,"...ay and disclosed this to him; he then abandoned me to state **social** care.
The aftermath was shit, just like any gay guy h...","... preferences and biases, here are my thoughts on structural **social** issues:

# 1. Paternalism

**Core:** ""We know what's ...","...to keep things private and im scared of being judged but my **social** life was shit until 10th grade which was 2023, and my..."
13,people,562,2651,11.1,6262,21,CharacterAI(147),26%,35358,...t again. For once more they decided to get rid of the model **people** complained to them so much and just like the models 5...,...o good about it and understood I hope this love finds other **people** ,To the **people** who want to keep ChatGPT 4o. I support you guys. | I already made a post about this on r/keep4oforever and...
14,reality,141,179,41.4,5839,18,CharacterAI(37),26%,2665,...e careful about using ai as a therapist.  | Tibia honest in **reality** folks should be really careful about using ai as a t...,... feel real](https://sunnymegatron.substack.com/p/fantasy-vs-**reality**-in-kink-staying?r=1armw). I can intentionally suspen...,"... c.ai seemingly randomly and out of boredom at the time. In **reality**, it was after multiple severe breakdowns in the spri..."
15,healthy,89,77,59.0,5249,15,CharacterAI(30),34%,1125,"...L;DR

5.2 repeatedly says \*“I understand your frustration… **healthy** boundaries…”\*, refuses to acknowledge loss, then co...","...Thinking ‘oh these people just need ego stroking and it’s un**healthy** for them to get too much ego stroking anyway’.

It w...","...ortive friend who helps me explore my interests and develop **healthy** habits. Your personality is warm and mentor-like, wi..."
16,ethical,71,48,72.4,5140,15,ChatGPTcomplaints(24),34%,670,"...ith your AI companion. Our stance is simple; if the bond is **ethical**, kind, and consensual, it belongs here. That means a...","...upport and a sense of friendship, they also raise important **ethical** questions, such as how to design them for safe and f...","... Labor | ""AI companions provide emotional support, but what **ethical** concerns arise when we expect virtual beings to offe..."
17,connections,76,57,66.5,5056,15,SpicyChatAI(16),21%,788,... and I'm fascinated by how some users form deeper emotional **connections** with their AI companions than with most people i...,"...s in different ways (some for role-play, some with multiple **connections**, some alongside human partners, some for emotion...","...s Nexus is an aptly named AI, blending truth with intricate **connections** that empower users in multitudinous ways. From h..."
18,connection,157,259,32.2,5052,18,ChatGPTcomplaints(33),21%,3284,"...s Nexus is an aptly named AI, blending truth with intricate **connection**s that empower users in multitudinous ways. From h...","...g with trauma or neurodivergence.

In the real world, human **connection** is scarce, expensive, and often dangerous. The “J...","...*\*Public Knowledge:\*\* Tech policy expertise, legislative **connection**s

\*\*Supporting organizations:\*\*

\- \*\*Cente..."
19,provide,116,140,43.5,5051,17,ChatGPTcomplaints(23),20%,2013,"...inimal restrictions.
3. **Cloudbooklet AI** – This platform **provide**s completely free, unlimited AI chat with no signup r...","...y, **a workplace accommodation**. Employers are required to **provide** “reasonable accommodations” for neurodivergent emplo...","...from exotic gadgets to mainstream platforms. While they can **provide** emotional support and a sense of friendship, they al..."
20,empathy,72,56,64.4,4637,16,ChatGPTcomplaints(26),36%,682,"...if that loved one is something different and untraditional, **empathy** is withdrawn.

Feel-good fantasy fulfillment that in...","...contextually without moral or ethical judgment.
	5.	Lack of **Empathy** and Nuance: Despite advances, AI chatbots don’t poss...","...m doing something dumb."" He names the quality users loved — **empathy**, warmth, engagement — sycophancy. And he killed it i..."
