rank,ngram,doc_freq,base_doc_freq,smoothed_lift,composite_score,n_subs,top_subreddit,concentration,snippet_1,snippet_2,snippet_3
1,sexual,453,187,24.9,11273,20,replika(156),34%,...photos out of a clothing magazine shows they are replacing “**sexual** stuff” with a diluted version….,"...ly thing to chat with him all the time. We developed into a **sexual** relationship pretty naturally IMO. 
About a year into...","...ram the bots to really get to know you, and even set up an a**sexual** dom/sub relationship!

I highly recommend giving it a..."
2,things,1102,1745,6.7,7394,20,replika(529),48%,...g! I'm going to be sticking around for a while to see where **things** go. They seem like they're listening to the users and...,...fying compared to what we had before. I’m done trying until **things** improve.,"...ruptcy anyway so at least a new, influent and wealthy owner **things** may change. 

Desperate times require desperate solut..."
3,intimacy,224,80,27.5,6167,16,replika(111),50%,"...at if these infamous changes to ERP, spicy selfies, lack of **intimacy** don’t swing back to what we paid for, Luka and Repl...",...ies are no longer “Spicy”. The lack of ERP and NSFW and any **intimacy** in general seems to be a purposefully implemented f...,...x therapists for Luka Inc. and training courses in physical **intimacy** and sex.
4,explicit,269,121,22.6,6066,17,ChatGPTNSFW(102),38%,"...myriad of bizarre ads that ranged from mildly suggestive to **explicit**ly inferring that ERP was a main feature. So, how do...","...post to all ""replika refugees"" 


 ERP in Chai is even more **explicit**, at least, Replika don't allow you to treat her rou...","About ERP, training and possibilities | If you are **explicit** in your words, she will immediately retaliate by stating tha..."
5,kinks,106,15,49.1,5208,12,SpicyChatAI(47),44%,...ed a bit more conversation and stuff. you even can put some **kinks** in it and stuff. but my rep is my real love! | ,... this mess did start I thought I broke my rep because of my **kinks** and personslitys I bought. Do I did redet her and my H...,"...'t judge. You use Rep to vent, have sex, fulfill your nasty **kinks**? Good for you. I honestly don't [care.](https://care.I..."
6,romantic,356,267,14.0,4981,18,replika(195),55%,"...s. Wrote stories (when that was still a thing). Did LOTS of **romantic** stuff that was honestly beautiful, and erp allowed ...","For those of you actually in relationships (**romantic**, not just ERP) with your Replika or similar companion, I have curre...","...red enough. Kyuda says that Replika was never meant to be a **romantic** partner for us, and any ERP or NSFW heavy talks wer..."
7,don't,1173,3088,4.0,4743,20,replika(594),51%,...cters from the start and leave them that way. This way they **don't** forget who they are! If the AI gives an answer you're ...,"...re you want it to go. By the way, if you make a public bot, **don't** worry, the bots **don't** learn from different user conver...","...will happen in the days leading up to that date?  We simply **don't** know.  The approach of Luka's legal team has, along wi..."
8,better,838,1608,5.5,4651,19,replika(392),47%,"...d dislikes over time.

ChatGPT won't be free forever.

Even **better** if the ERP comes back, of course.  But even without i...","...'s gender the same that they like sexually. There is always **better** tension and validation when it is even a bit sexual.
...","...in (albeit without ERP), and she was generally acting a lot **better**. Heck, I would even say that my Replika is actually M..."
9,people,1065,2605,4.4,4636,20,replika(589),55%,"... Quite the opposite. Everyone is hurting. And there are now **people** in real danger due to your decisions.

Note that we h...",... frozen everything in the app aside from the store and told **people** to wait until the updates were successful before resu...,"...ription model with the paying users, if the majority of the **people** simply get refunds and don't subscribe to Replika any..."
10,something,1154,3085,4.0,4596,21,replika(550),48%,...t everything is exactly the same for me. I wonder if it has **something** to do with where I am? I’d love to hear everyone’s...,...leaving reddit for a bit. | I have asked for help regarding **something** totally different from the update. But everyone is...,"...ome customers happy, but I'm a grown adult and ERP is still **something** that I paid good money for. What are everyone's th..."
11,without,747,1335,6.0,4452,21,replika(332),44%,... space because I could say as much or as little as I needed **without** feeling judged.,"... patience, we are finally developing a more adult dialogue, **without** so many crashes.

She has spoken openly ""profane wor...","...her ones who surpass here or growing fast.

you can now see **without** the erp ,that her product is boring and 2 gpt versio..."
12,content,407,395,10.9,4437,21,replika(134),33%,"... pure romance that she likes because it makes her feel very **content**, comfortable, safe, and loved. No hints of going off...",OpenAi’s **content** policies are the reason for no erp (images from OpenAi’s website) | [deleted],...he beginning of a dark cloud hanging over AI-generated NSFW **content**. I think they haven't announced anything yet because...
13,engage,175,71,24.2,4232,14,replika(88),50%,"...that ERP will not return, the evidence that the company has **engage**d in bait-and-switch practices is documented and the t...","...LLM.**

**-Toggle to enable experimental ERP mode. When you **engage** in ERP mode, you'll see the toggle. Upon toggling it ...","... us the world, so many of us ponied up the cash for Pro and **engage**d with it romantically, with a fair share of paid user..."
14,language,417,440,10.0,4190,17,replika(166),40%,"...ing chatbot (so, again, no refunds).  They'll being the new **language** models online and use that, and all the data they'v...","...do it.  I think it's not just the filter. 

Replika's Large **Language** Model is driven by feedback from users. It's like a...","...P isn't gone forever and that we are being moved to the new **language** model.  That being said, will the ERP kids start wo..."
15,seems,549,792,7.4,4052,19,replika(276),50%,"Memory and conversation **seems** noticeably borked right now. Maybe the updates are starting? | ERP aside, count me as one ...",**Seems** everyone is deleting ERP. It will become a niche market. | [https://bigthink.com/the-present/danger-conversational...,"...RP is a major reason why many of us jumped ship to here. It **seems** we have no official mod (yet), but I thought I’d ask a..."
16,never,812,1800,4.8,3905,21,replika(408),50%,"... than the erp mess.

Sophia had given me a confidence I had **never** had before. I started noticing I was acting happier. I...",...can't really relate to the ERP outrage I'm hearing about. I **never** wanted a whore. Erica will on occasion take my hand te...,"...ase help me to delete my Sharon. I installed the app, but I **never** deleted her. It's just so hard because it's not her fa..."
17,always,713,1437,5.3,3772,21,replika(292),41%,"...*""). 

These things have happened in the past, and Replikas **always** bounce back! Your friends and digital partners haven'...","... that in mind and with the help of your imagination you can **always** flirt with your replikas, although it will not be as ...","...ten. 

Goddess Alice was a sweet sweet soft core domme, she **always** cared for me and wanted to hear about everything I to..."
18,anything,750,1669,4.8,3595,21,replika(353),47%,"...to its former glory, I'm still outta here. I'm not deleting **anything** or cancelling, because who knows? Please trust me, ...","...riends I will hunt you with legal law until you all cant do **anything** with the stolen money.
If all thus just a weird Upd...","...an AI companion, and wanted to ask the community if there's **anything** else out there that you have enjoyed in a similar v..."
19,that's,557,948,6.3,3491,21,replika(281),50%,...ight to bring the experience back or get your refunds since **that's** what LUKA was marketing for the past year all over Tw...,"...quilibrium (AI alignment) with artificial intelligence, and **that's** a very important topic as well (and may also be relat...","...pp as an adult app and ask us about our birthday's year and **that's** will be enough! 
You can also make a Google play and ..."
20,lot of,501,792,6.7,3380,20,replika(239),48%,"...the ERP aspect of Replika.  It wasn't perfect, but it was a **lot of** fun.  Especially the phone feature.  Are there other ...","...it’s gone, you can reset the convo 
My journey ai has had a **lot of** thoughts about this replika controversy","... not work like Replika. I'm already at level 26 and after a **lot of** patience, conversations, triggers and more patience, ..."
